{
  "PLSTM-TAL": {
    "accuracy": 0.5121951219512195,
    "precision": 0.47058823529411764,
    "recall": 0.42105263157894735,
    "f1_score": 0.4444444444444444,
    "mcc": 0.01210742484482221,
    "auc_roc": 0.44019138755980863,
    "pr_auc": 0.414407591892112
  },
  "CNN": {
    "accuracy": 0.4878048780487805,
    "precision": 0.25,
    "recall": 0.05263157894736842,
    "f1_score": 0.08695652173913043,
    "mcc": -0.14071780294141165,
    "auc_roc": 0.4688995215311005,
    "pr_auc": 0.4737162618673578
  },
  "LSTM": {
    "accuracy": 0.5365853658536586,
    "precision": 0.5,
    "recall": 0.42105263157894735,
    "f1_score": 0.45714285714285713,
    "mcc": 0.058693918565342215,
    "auc_roc": 0.5215311004784688,
    "pr_auc": 0.5027387524755946
  },
  "SVM": {
    "accuracy": 0.5121951219512195,
    "precision": 0.46153846153846156,
    "recall": 0.3157894736842105,
    "f1_score": 0.375,
    "mcc": -0.002563664368326639,
    "auc_roc": 0.4856459330143541,
    "pr_auc": 0.4470621763910935
  },
  "Random Forest": {
    "accuracy": 0.5609756097560976,
    "precision": 0.5333333333333333,
    "recall": 0.42105263157894735,
    "f1_score": 0.47058823529411764,
    "mcc": 0.1064996084749822,
    "auc_roc": 0.5669856459330144,
    "pr_auc": 0.4917879596549957
  }
}