Model,Accuracy,Precision,Recall,F1-Score,AUC-ROC,PR-AUC,MCC
Random Forest,0.5609756097560976,0.5333333333333333,0.42105263157894735,0.47058823529411764,0.5669856459330144,0.4917879596549957,0.1064996084749822
LSTM,0.5365853658536586,0.5,0.42105263157894735,0.45714285714285713,0.5215311004784688,0.5027387524755946,0.058693918565342215
PLSTM-TAL,0.5121951219512195,0.47058823529411764,0.42105263157894735,0.4444444444444444,0.44019138755980863,0.414407591892112,0.01210742484482221
SVM,0.5121951219512195,0.46153846153846156,0.3157894736842105,0.375,0.4856459330143541,0.4470621763910935,-0.002563664368326639
CNN,0.4878048780487805,0.25,0.05263157894736842,0.08695652173913043,0.4688995215311005,0.4737162618673578,-0.14071780294141165
