{
  "PLSTM-TAL": {
    "accuracy": 0.4788732394366197,
    "precision": 0.44,
    "recall": 0.3235294117647059,
    "f1_score": 0.3728813559322034,
    "mcc": -0.05736669762867956,
    "auc_roc": 0.5,
    "pr_auc": 0.47981763464415234
  },
  "CNN": {
    "accuracy": 0.5211267605633803,
    "precision": 0.0,
    "recall": 0.0,
    "f1_score": 0.0,
    "mcc": 0.0,
    "auc_roc": 0.49443561208267084,
    "pr_auc": 0.5342947357872898
  },
  "LSTM": {
    "accuracy": 0.5211267605633803,
    "precision": 0.0,
    "recall": 0.0,
    "f1_score": 0.0,
    "mcc": 0.0,
    "auc_roc": 0.4904610492845787,
    "pr_auc": 0.5103717207600664
  },
  "SVM": {
    "accuracy": 0.4647887323943662,
    "precision": 0.3333333333333333,
    "recall": 0.11764705882352941,
    "f1_score": 0.17391304347826086,
    "mcc": -0.13139073308682023,
    "auc_roc": 0.6335453100158982,
    "pr_auc": 0.5873908809545317
  },
  "Random Forest": {
    "accuracy": 0.4507042253521127,
    "precision": 0.4074074074074074,
    "recall": 0.3235294117647059,
    "f1_score": 0.36065573770491804,
    "mcc": -0.11206552403093797,
    "auc_roc": 0.45071542130365655,
    "pr_auc": 0.4586973063144736
  }
}