Model,Accuracy,Precision,Recall,F1-Score,AUC-ROC,PR-AUC,MCC
CNN,0.5211267605633803,0.0,0.0,0.0,0.49443561208267084,0.5342947357872898,0.0
LSTM,0.5211267605633803,0.0,0.0,0.0,0.4904610492845787,0.5103717207600664,0.0
PLSTM-TAL,0.4788732394366197,0.44,0.3235294117647059,0.3728813559322034,0.5,0.47981763464415234,-0.05736669762867956
SVM,0.4647887323943662,0.3333333333333333,0.11764705882352941,0.17391304347826086,0.6335453100158982,0.5873908809545317,-0.13139073308682023
Random Forest,0.4507042253521127,0.4074074074074074,0.3235294117647059,0.36065573770491804,0.45071542130365655,0.4586973063144736,-0.11206552403093797
